{"cameraMode":{"drawMode":0,"name":"Shaded","section":"Shading Mode"},"sceneLighting":true,"audioPlay":false,"sceneViewState":{"m_AlwaysRefresh":false,"showFog":true,"showSkybox":true,"showFlares":true,"showImageEffects":true,"showParticleSystems":true,"showVisualEffectGraphs":true,"m_FxEnabled":true},"in2DMode":false,"pivot":{"x":7.5322723388671879,"y":-5.020723342895508,"z":-3.6057498455047609},"rotation":{"x":-0.16413681209087373,"y":-0.8097943663597107,"z":0.26872944831848147,"w":-0.49525701999664309},"size":5.307449817657471,"orthographic":false}