{"cameraMode":{"drawMode":0,"name":"Shaded","section":"Shading Mode"},"sceneLighting":true,"audioPlay":false,"sceneViewState":{"m_AlwaysRefresh":false,"showFog":true,"showSkybox":true,"showFlares":true,"showImageEffects":true,"showParticleSystems":true,"showVisualEffectGraphs":true,"m_FxEnabled":true},"in2DMode":false,"pivot":{"x":0.5605376362800598,"y":0.4114510715007782,"z":-1.310606598854065},"rotation":{"x":-0.007430498022586107,"y":-0.9488562941551209,"z":0.3147324025630951,"w":-0.027508605271577836},"size":0.3598209619522095,"orthographic":false}