{"cameraMode":{"drawMode":0,"name":"Shaded","section":"Shading Mode"},"sceneLighting":true,"audioPlay":false,"sceneViewState":{"m_AlwaysRefresh":false,"showFog":true,"showSkybox":true,"showFlares":true,"showImageEffects":true,"showParticleSystems":true,"showVisualEffectGraphs":true,"m_FxEnabled":true},"in2DMode":false,"pivot":{"x":0.04536086320877075,"y":0.719265878200531,"z":0.5227837562561035},"rotation":{"x":0.048465482890605929,"y":0.9504039287567139,"z":-0.23995549976825715,"w":0.19196590781211854},"size":1.049317717552185,"orthographic":false}