{"cameraMode":{"drawMode":0,"name":"Shaded","section":"Shading Mode"},"sceneLighting":true,"audioPlay":false,"sceneViewState":{"m_AlwaysRefresh":false,"showFog":true,"showSkybox":true,"showFlares":true,"showImageEffects":true,"showParticleSystems":true,"showVisualEffectGraphs":true,"m_FxEnabled":true},"in2DMode":false,"pivot":{"x":1.2538319826126099,"y":-2.036790370941162,"z":-3.9106316566467287},"rotation":{"x":-0.026935897767543794,"y":-0.9411990642547607,"z":0.32798847556114199,"w":-0.07771773636341095},"size":2.8712034225463869,"orthographic":false}