{"cameraMode":{"drawMode":0,"name":"Shaded","section":"Shading Mode"},"sceneLighting":true,"audioPlay":false,"sceneViewState":{"m_AlwaysRefresh":false,"showFog":true,"showSkybox":true,"showFlares":true,"showImageEffects":true,"showParticleSystems":true,"showVisualEffectGraphs":true,"m_FxEnabled":true},"in2DMode":false,"pivot":{"x":-0.19271637499332429,"y":1.2281192541122437,"z":0.12266841530799866},"rotation":{"x":0.6536514163017273,"y":-0.002270580269396305,"z":0.0019602591637521984,"w":0.756797194480896},"size":2.3937811851501467,"orthographic":true}