{"cameraMode":{"drawMode":0,"name":"Shaded","section":"Shading Mode"},"sceneLighting":true,"audioPlay":false,"sceneViewState":{"m_AlwaysRefresh":false,"showFog":true,"showSkybox":true,"showFlares":true,"showImageEffects":true,"showParticleSystems":true,"showVisualEffectGraphs":true,"m_FxEnabled":true},"in2DMode":false,"pivot":{"x":-0.3748947083950043,"y":-0.04064296558499336,"z":2.053457736968994},"rotation":{"x":0.3608669936656952,"y":0.15103872120380402,"z":-0.05934840068221092,"w":0.9183967709541321},"size":2.3600549697875978,"orthographic":false}